"filename", "language", "XML", "JavaScript", "Markdown", "CSS", "JSON", "HTML", "Properties", "Java", "Batch", "SQL", "Shell Script", "comment", "blank", "total"
"c:\Users\howel\Desktop\Final Capstone\WIP\capstone\.idea\capstone.iml", "XML", 9, 0, 0, 0, 0, 0, 0, 0, 0, 0, 0, 0, 0, 9
"c:\Users\howel\Desktop\Final Capstone\WIP\capstone\.idea\compiler.xml", "XML", 21, 0, 0, 0, 0, 0, 0, 0, 0, 0, 0, 0, 0, 21
"c:\Users\howel\Desktop\Final Capstone\WIP\capstone\.idea\encodings.xml", "XML", 7, 0, 0, 0, 0, 0, 0, 0, 0, 0, 0, 0, 0, 7
"c:\Users\howel\Desktop\Final Capstone\WIP\capstone\.idea\jarRepositories.xml", "XML", 20, 0, 0, 0, 0, 0, 0, 0, 0, 0, 0, 0, 0, 20
"c:\Users\howel\Desktop\Final Capstone\WIP\capstone\.idea\libraries\Maven__ch_qos_logback_logback_classic_1_2_3.xml", "XML", 13, 0, 0, 0, 0, 0, 0, 0, 0, 0, 0, 0, 0, 13
"c:\Users\howel\Desktop\Final Capstone\WIP\capstone\.idea\libraries\Maven__ch_qos_logback_logback_core_1_2_3.xml", "XML", 13, 0, 0, 0, 0, 0, 0, 0, 0, 0, 0, 0, 0, 13
"c:\Users\howel\Desktop\Final Capstone\WIP\capstone\.idea\libraries\Maven__com_fasterxml_classmate_1_5_1.xml", "XML", 13, 0, 0, 0, 0, 0, 0, 0, 0, 0, 0, 0, 0, 13
"c:\Users\howel\Desktop\Final Capstone\WIP\capstone\.idea\libraries\Maven__com_fasterxml_jackson_core_jackson_annotations_2_11_0.xml", "XML", 13, 0, 0, 0, 0, 0, 0, 0, 0, 0, 0, 0, 0, 13
"c:\Users\howel\Desktop\Final Capstone\WIP\capstone\.idea\libraries\Maven__com_fasterxml_jackson_core_jackson_core_2_11_0.xml", "XML", 13, 0, 0, 0, 0, 0, 0, 0, 0, 0, 0, 0, 0, 13
"c:\Users\howel\Desktop\Final Capstone\WIP\capstone\.idea\libraries\Maven__com_fasterxml_jackson_core_jackson_databind_2_11_0.xml", "XML", 13, 0, 0, 0, 0, 0, 0, 0, 0, 0, 0, 0, 0, 13
"c:\Users\howel\Desktop\Final Capstone\WIP\capstone\.idea\libraries\Maven__com_fasterxml_jackson_datatype_jackson_datatype_jdk8_2_11_0.xml", "XML", 13, 0, 0, 0, 0, 0, 0, 0, 0, 0, 0, 0, 0, 13
"c:\Users\howel\Desktop\Final Capstone\WIP\capstone\.idea\libraries\Maven__com_fasterxml_jackson_datatype_jackson_datatype_jsr310_2_11_0.xml", "XML", 13, 0, 0, 0, 0, 0, 0, 0, 0, 0, 0, 0, 0, 13
"c:\Users\howel\Desktop\Final Capstone\WIP\capstone\.idea\libraries\Maven__com_fasterxml_jackson_module_jackson_module_parameter_names_2_11_0.xml", "XML", 13, 0, 0, 0, 0, 0, 0, 0, 0, 0, 0, 0, 0, 13
"c:\Users\howel\Desktop\Final Capstone\WIP\capstone\.idea\libraries\Maven__com_jayway_jsonpath_json_path_2_4_0.xml", "XML", 13, 0, 0, 0, 0, 0, 0, 0, 0, 0, 0, 0, 0, 13
"c:\Users\howel\Desktop\Final Capstone\WIP\capstone\.idea\libraries\Maven__com_vaadin_external_google_android_json_0_0_20131108_vaadin1.xml", "XML", 13, 0, 0, 0, 0, 0, 0, 0, 0, 0, 0, 0, 0, 13
"c:\Users\howel\Desktop\Final Capstone\WIP\capstone\.idea\libraries\Maven__com_zaxxer_HikariCP_3_4_5.xml", "XML", 13, 0, 0, 0, 0, 0, 0, 0, 0, 0, 0, 0, 0, 13
"c:\Users\howel\Desktop\Final Capstone\WIP\capstone\.idea\libraries\Maven__io_jsonwebtoken_jjwt_api_0_11_1.xml", "XML", 13, 0, 0, 0, 0, 0, 0, 0, 0, 0, 0, 0, 0, 13
"c:\Users\howel\Desktop\Final Capstone\WIP\capstone\.idea\libraries\Maven__io_jsonwebtoken_jjwt_impl_0_11_1.xml", "XML", 13, 0, 0, 0, 0, 0, 0, 0, 0, 0, 0, 0, 0, 13
"c:\Users\howel\Desktop\Final Capstone\WIP\capstone\.idea\libraries\Maven__io_jsonwebtoken_jjwt_jackson_0_11_1.xml", "XML", 13, 0, 0, 0, 0, 0, 0, 0, 0, 0, 0, 0, 0, 13
"c:\Users\howel\Desktop\Final Capstone\WIP\capstone\.idea\libraries\Maven__jakarta_activation_jakarta_activation_api_1_2_2.xml", "XML", 13, 0, 0, 0, 0, 0, 0, 0, 0, 0, 0, 0, 0, 13
"c:\Users\howel\Desktop\Final Capstone\WIP\capstone\.idea\libraries\Maven__jakarta_annotation_jakarta_annotation_api_1_3_5.xml", "XML", 13, 0, 0, 0, 0, 0, 0, 0, 0, 0, 0, 0, 0, 13
"c:\Users\howel\Desktop\Final Capstone\WIP\capstone\.idea\libraries\Maven__jakarta_validation_jakarta_validation_api_2_0_2.xml", "XML", 13, 0, 0, 0, 0, 0, 0, 0, 0, 0, 0, 0, 0, 13
"c:\Users\howel\Desktop\Final Capstone\WIP\capstone\.idea\libraries\Maven__jakarta_xml_bind_jakarta_xml_bind_api_2_3_3.xml", "XML", 13, 0, 0, 0, 0, 0, 0, 0, 0, 0, 0, 0, 0, 13
"c:\Users\howel\Desktop\Final Capstone\WIP\capstone\.idea\libraries\Maven__junit_junit_4_13.xml", "XML", 13, 0, 0, 0, 0, 0, 0, 0, 0, 0, 0, 0, 0, 13
"c:\Users\howel\Desktop\Final Capstone\WIP\capstone\.idea\libraries\Maven__net_bytebuddy_byte_buddy_1_10_10.xml", "XML", 13, 0, 0, 0, 0, 0, 0, 0, 0, 0, 0, 0, 0, 13
"c:\Users\howel\Desktop\Final Capstone\WIP\capstone\.idea\libraries\Maven__net_bytebuddy_byte_buddy_agent_1_10_10.xml", "XML", 13, 0, 0, 0, 0, 0, 0, 0, 0, 0, 0, 0, 0, 13
"c:\Users\howel\Desktop\Final Capstone\WIP\capstone\.idea\libraries\Maven__net_minidev_accessors_smart_1_2.xml", "XML", 13, 0, 0, 0, 0, 0, 0, 0, 0, 0, 0, 0, 0, 13
"c:\Users\howel\Desktop\Final Capstone\WIP\capstone\.idea\libraries\Maven__net_minidev_json_smart_2_3.xml", "XML", 13, 0, 0, 0, 0, 0, 0, 0, 0, 0, 0, 0, 0, 13
"c:\Users\howel\Desktop\Final Capstone\WIP\capstone\.idea\libraries\Maven__org_apache_logging_log4j_log4j_api_2_13_2.xml", "XML", 13, 0, 0, 0, 0, 0, 0, 0, 0, 0, 0, 0, 0, 13
"c:\Users\howel\Desktop\Final Capstone\WIP\capstone\.idea\libraries\Maven__org_apache_logging_log4j_log4j_to_slf4j_2_13_2.xml", "XML", 13, 0, 0, 0, 0, 0, 0, 0, 0, 0, 0, 0, 0, 13
"c:\Users\howel\Desktop\Final Capstone\WIP\capstone\.idea\libraries\Maven__org_apache_tomcat_embed_tomcat_embed_core_9_0_35.xml", "XML", 13, 0, 0, 0, 0, 0, 0, 0, 0, 0, 0, 0, 0, 13
"c:\Users\howel\Desktop\Final Capstone\WIP\capstone\.idea\libraries\Maven__org_apache_tomcat_embed_tomcat_embed_websocket_9_0_35.xml", "XML", 13, 0, 0, 0, 0, 0, 0, 0, 0, 0, 0, 0, 0, 13
"c:\Users\howel\Desktop\Final Capstone\WIP\capstone\.idea\libraries\Maven__org_apiguardian_apiguardian_api_1_1_0.xml", "XML", 13, 0, 0, 0, 0, 0, 0, 0, 0, 0, 0, 0, 0, 13
"c:\Users\howel\Desktop\Final Capstone\WIP\capstone\.idea\libraries\Maven__org_assertj_assertj_core_3_16_1.xml", "XML", 13, 0, 0, 0, 0, 0, 0, 0, 0, 0, 0, 0, 0, 13
"c:\Users\howel\Desktop\Final Capstone\WIP\capstone\.idea\libraries\Maven__org_glassfish_jakarta_el_3_0_3.xml", "XML", 13, 0, 0, 0, 0, 0, 0, 0, 0, 0, 0, 0, 0, 13
"c:\Users\howel\Desktop\Final Capstone\WIP\capstone\.idea\libraries\Maven__org_hamcrest_hamcrest_2_2.xml", "XML", 13, 0, 0, 0, 0, 0, 0, 0, 0, 0, 0, 0, 0, 13
"c:\Users\howel\Desktop\Final Capstone\WIP\capstone\.idea\libraries\Maven__org_hibernate_validator_hibernate_validator_6_1_5_Final.xml", "XML", 13, 0, 0, 0, 0, 0, 0, 0, 0, 0, 0, 0, 0, 13
"c:\Users\howel\Desktop\Final Capstone\WIP\capstone\.idea\libraries\Maven__org_jboss_logging_jboss_logging_3_4_1_Final.xml", "XML", 13, 0, 0, 0, 0, 0, 0, 0, 0, 0, 0, 0, 0, 13
"c:\Users\howel\Desktop\Final Capstone\WIP\capstone\.idea\libraries\Maven__org_junit_jupiter_junit_jupiter_5_6_2.xml", "XML", 13, 0, 0, 0, 0, 0, 0, 0, 0, 0, 0, 0, 0, 13
"c:\Users\howel\Desktop\Final Capstone\WIP\capstone\.idea\libraries\Maven__org_junit_jupiter_junit_jupiter_api_5_6_2.xml", "XML", 13, 0, 0, 0, 0, 0, 0, 0, 0, 0, 0, 0, 0, 13
"c:\Users\howel\Desktop\Final Capstone\WIP\capstone\.idea\libraries\Maven__org_junit_jupiter_junit_jupiter_engine_5_6_2.xml", "XML", 13, 0, 0, 0, 0, 0, 0, 0, 0, 0, 0, 0, 0, 13
"c:\Users\howel\Desktop\Final Capstone\WIP\capstone\.idea\libraries\Maven__org_junit_jupiter_junit_jupiter_params_5_6_2.xml", "XML", 13, 0, 0, 0, 0, 0, 0, 0, 0, 0, 0, 0, 0, 13
"c:\Users\howel\Desktop\Final Capstone\WIP\capstone\.idea\libraries\Maven__org_junit_platform_junit_platform_commons_1_6_2.xml", "XML", 13, 0, 0, 0, 0, 0, 0, 0, 0, 0, 0, 0, 0, 13
"c:\Users\howel\Desktop\Final Capstone\WIP\capstone\.idea\libraries\Maven__org_junit_platform_junit_platform_engine_1_6_2.xml", "XML", 13, 0, 0, 0, 0, 0, 0, 0, 0, 0, 0, 0, 0, 13
"c:\Users\howel\Desktop\Final Capstone\WIP\capstone\.idea\libraries\Maven__org_junit_vintage_junit_vintage_engine_5_6_2.xml", "XML", 13, 0, 0, 0, 0, 0, 0, 0, 0, 0, 0, 0, 0, 13
"c:\Users\howel\Desktop\Final Capstone\WIP\capstone\.idea\libraries\Maven__org_mockito_mockito_core_3_3_3.xml", "XML", 13, 0, 0, 0, 0, 0, 0, 0, 0, 0, 0, 0, 0, 13
"c:\Users\howel\Desktop\Final Capstone\WIP\capstone\.idea\libraries\Maven__org_mockito_mockito_junit_jupiter_3_3_3.xml", "XML", 13, 0, 0, 0, 0, 0, 0, 0, 0, 0, 0, 0, 0, 13
"c:\Users\howel\Desktop\Final Capstone\WIP\capstone\.idea\libraries\Maven__org_objenesis_objenesis_2_6.xml", "XML", 13, 0, 0, 0, 0, 0, 0, 0, 0, 0, 0, 0, 0, 13
"c:\Users\howel\Desktop\Final Capstone\WIP\capstone\.idea\libraries\Maven__org_opentest4j_opentest4j_1_2_0.xml", "XML", 13, 0, 0, 0, 0, 0, 0, 0, 0, 0, 0, 0, 0, 13
"c:\Users\howel\Desktop\Final Capstone\WIP\capstone\.idea\libraries\Maven__org_ow2_asm_asm_5_0_4.xml", "XML", 13, 0, 0, 0, 0, 0, 0, 0, 0, 0, 0, 0, 0, 13
"c:\Users\howel\Desktop\Final Capstone\WIP\capstone\.idea\libraries\Maven__org_postgresql_postgresql_42_2_12.xml", "XML", 13, 0, 0, 0, 0, 0, 0, 0, 0, 0, 0, 0, 0, 13
"c:\Users\howel\Desktop\Final Capstone\WIP\capstone\.idea\libraries\Maven__org_skyscreamer_jsonassert_1_5_0.xml", "XML", 13, 0, 0, 0, 0, 0, 0, 0, 0, 0, 0, 0, 0, 13
"c:\Users\howel\Desktop\Final Capstone\WIP\capstone\.idea\libraries\Maven__org_slf4j_jul_to_slf4j_1_7_30.xml", "XML", 13, 0, 0, 0, 0, 0, 0, 0, 0, 0, 0, 0, 0, 13
"c:\Users\howel\Desktop\Final Capstone\WIP\capstone\.idea\libraries\Maven__org_slf4j_slf4j_api_1_7_30.xml", "XML", 13, 0, 0, 0, 0, 0, 0, 0, 0, 0, 0, 0, 0, 13
"c:\Users\howel\Desktop\Final Capstone\WIP\capstone\.idea\libraries\Maven__org_springframework_boot_spring_boot_2_3_0_RELEASE.xml", "XML", 13, 0, 0, 0, 0, 0, 0, 0, 0, 0, 0, 0, 0, 13
"c:\Users\howel\Desktop\Final Capstone\WIP\capstone\.idea\libraries\Maven__org_springframework_boot_spring_boot_autoconfigure_2_3_0_RELEASE.xml", "XML", 13, 0, 0, 0, 0, 0, 0, 0, 0, 0, 0, 0, 0, 13
"c:\Users\howel\Desktop\Final Capstone\WIP\capstone\.idea\libraries\Maven__org_springframework_boot_spring_boot_devtools_2_3_0_RELEASE.xml", "XML", 13, 0, 0, 0, 0, 0, 0, 0, 0, 0, 0, 0, 0, 13
"c:\Users\howel\Desktop\Final Capstone\WIP\capstone\.idea\libraries\Maven__org_springframework_boot_spring_boot_starter_2_3_0_RELEASE.xml", "XML", 13, 0, 0, 0, 0, 0, 0, 0, 0, 0, 0, 0, 0, 13
"c:\Users\howel\Desktop\Final Capstone\WIP\capstone\.idea\libraries\Maven__org_springframework_boot_spring_boot_starter_data_jdbc_2_3_0_RELEASE.xml", "XML", 13, 0, 0, 0, 0, 0, 0, 0, 0, 0, 0, 0, 0, 13
"c:\Users\howel\Desktop\Final Capstone\WIP\capstone\.idea\libraries\Maven__org_springframework_boot_spring_boot_starter_jdbc_2_3_0_RELEASE.xml", "XML", 13, 0, 0, 0, 0, 0, 0, 0, 0, 0, 0, 0, 0, 13
"c:\Users\howel\Desktop\Final Capstone\WIP\capstone\.idea\libraries\Maven__org_springframework_boot_spring_boot_starter_json_2_3_0_RELEASE.xml", "XML", 13, 0, 0, 0, 0, 0, 0, 0, 0, 0, 0, 0, 0, 13
"c:\Users\howel\Desktop\Final Capstone\WIP\capstone\.idea\libraries\Maven__org_springframework_boot_spring_boot_starter_logging_2_3_0_RELEASE.xml", "XML", 13, 0, 0, 0, 0, 0, 0, 0, 0, 0, 0, 0, 0, 13
"c:\Users\howel\Desktop\Final Capstone\WIP\capstone\.idea\libraries\Maven__org_springframework_boot_spring_boot_starter_security_2_3_0_RELEASE.xml", "XML", 13, 0, 0, 0, 0, 0, 0, 0, 0, 0, 0, 0, 0, 13
"c:\Users\howel\Desktop\Final Capstone\WIP\capstone\.idea\libraries\Maven__org_springframework_boot_spring_boot_starter_test_2_3_0_RELEASE.xml", "XML", 13, 0, 0, 0, 0, 0, 0, 0, 0, 0, 0, 0, 0, 13
"c:\Users\howel\Desktop\Final Capstone\WIP\capstone\.idea\libraries\Maven__org_springframework_boot_spring_boot_starter_tomcat_2_3_0_RELEASE.xml", "XML", 13, 0, 0, 0, 0, 0, 0, 0, 0, 0, 0, 0, 0, 13
"c:\Users\howel\Desktop\Final Capstone\WIP\capstone\.idea\libraries\Maven__org_springframework_boot_spring_boot_starter_validation_2_3_0_RELEASE.xml", "XML", 13, 0, 0, 0, 0, 0, 0, 0, 0, 0, 0, 0, 0, 13
"c:\Users\howel\Desktop\Final Capstone\WIP\capstone\.idea\libraries\Maven__org_springframework_boot_spring_boot_starter_web_2_3_0_RELEASE.xml", "XML", 13, 0, 0, 0, 0, 0, 0, 0, 0, 0, 0, 0, 0, 13
"c:\Users\howel\Desktop\Final Capstone\WIP\capstone\.idea\libraries\Maven__org_springframework_boot_spring_boot_test_2_3_0_RELEASE.xml", "XML", 13, 0, 0, 0, 0, 0, 0, 0, 0, 0, 0, 0, 0, 13
"c:\Users\howel\Desktop\Final Capstone\WIP\capstone\.idea\libraries\Maven__org_springframework_boot_spring_boot_test_autoconfigure_2_3_0_RELEASE.xml", "XML", 13, 0, 0, 0, 0, 0, 0, 0, 0, 0, 0, 0, 0, 13
"c:\Users\howel\Desktop\Final Capstone\WIP\capstone\.idea\libraries\Maven__org_springframework_data_spring_data_commons_2_3_0_RELEASE.xml", "XML", 13, 0, 0, 0, 0, 0, 0, 0, 0, 0, 0, 0, 0, 13
"c:\Users\howel\Desktop\Final Capstone\WIP\capstone\.idea\libraries\Maven__org_springframework_data_spring_data_jdbc_2_0_0_RELEASE.xml", "XML", 13, 0, 0, 0, 0, 0, 0, 0, 0, 0, 0, 0, 0, 13
"c:\Users\howel\Desktop\Final Capstone\WIP\capstone\.idea\libraries\Maven__org_springframework_data_spring_data_relational_2_0_0_RELEASE.xml", "XML", 13, 0, 0, 0, 0, 0, 0, 0, 0, 0, 0, 0, 0, 13
"c:\Users\howel\Desktop\Final Capstone\WIP\capstone\.idea\libraries\Maven__org_springframework_security_spring_security_config_5_3_2_RELEASE.xml", "XML", 13, 0, 0, 0, 0, 0, 0, 0, 0, 0, 0, 0, 0, 13
"c:\Users\howel\Desktop\Final Capstone\WIP\capstone\.idea\libraries\Maven__org_springframework_security_spring_security_core_5_3_2_RELEASE.xml", "XML", 13, 0, 0, 0, 0, 0, 0, 0, 0, 0, 0, 0, 0, 13
"c:\Users\howel\Desktop\Final Capstone\WIP\capstone\.idea\libraries\Maven__org_springframework_security_spring_security_test_5_3_2_RELEASE.xml", "XML", 13, 0, 0, 0, 0, 0, 0, 0, 0, 0, 0, 0, 0, 13
"c:\Users\howel\Desktop\Final Capstone\WIP\capstone\.idea\libraries\Maven__org_springframework_security_spring_security_web_5_3_2_RELEASE.xml", "XML", 13, 0, 0, 0, 0, 0, 0, 0, 0, 0, 0, 0, 0, 13
"c:\Users\howel\Desktop\Final Capstone\WIP\capstone\.idea\libraries\Maven__org_springframework_spring_aop_5_2_6_RELEASE.xml", "XML", 13, 0, 0, 0, 0, 0, 0, 0, 0, 0, 0, 0, 0, 13
"c:\Users\howel\Desktop\Final Capstone\WIP\capstone\.idea\libraries\Maven__org_springframework_spring_beans_5_2_6_RELEASE.xml", "XML", 13, 0, 0, 0, 0, 0, 0, 0, 0, 0, 0, 0, 0, 13
"c:\Users\howel\Desktop\Final Capstone\WIP\capstone\.idea\libraries\Maven__org_springframework_spring_context_5_2_6_RELEASE.xml", "XML", 13, 0, 0, 0, 0, 0, 0, 0, 0, 0, 0, 0, 0, 13
"c:\Users\howel\Desktop\Final Capstone\WIP\capstone\.idea\libraries\Maven__org_springframework_spring_core_5_2_6_RELEASE.xml", "XML", 13, 0, 0, 0, 0, 0, 0, 0, 0, 0, 0, 0, 0, 13
"c:\Users\howel\Desktop\Final Capstone\WIP\capstone\.idea\libraries\Maven__org_springframework_spring_expression_5_2_6_RELEASE.xml", "XML", 13, 0, 0, 0, 0, 0, 0, 0, 0, 0, 0, 0, 0, 13
"c:\Users\howel\Desktop\Final Capstone\WIP\capstone\.idea\libraries\Maven__org_springframework_spring_jcl_5_2_6_RELEASE.xml", "XML", 13, 0, 0, 0, 0, 0, 0, 0, 0, 0, 0, 0, 0, 13
"c:\Users\howel\Desktop\Final Capstone\WIP\capstone\.idea\libraries\Maven__org_springframework_spring_jdbc_5_2_6_RELEASE.xml", "XML", 13, 0, 0, 0, 0, 0, 0, 0, 0, 0, 0, 0, 0, 13
"c:\Users\howel\Desktop\Final Capstone\WIP\capstone\.idea\libraries\Maven__org_springframework_spring_test_5_2_6_RELEASE.xml", "XML", 13, 0, 0, 0, 0, 0, 0, 0, 0, 0, 0, 0, 0, 13
"c:\Users\howel\Desktop\Final Capstone\WIP\capstone\.idea\libraries\Maven__org_springframework_spring_tx_5_2_6_RELEASE.xml", "XML", 13, 0, 0, 0, 0, 0, 0, 0, 0, 0, 0, 0, 0, 13
"c:\Users\howel\Desktop\Final Capstone\WIP\capstone\.idea\libraries\Maven__org_springframework_spring_web_5_2_6_RELEASE.xml", "XML", 13, 0, 0, 0, 0, 0, 0, 0, 0, 0, 0, 0, 0, 13
"c:\Users\howel\Desktop\Final Capstone\WIP\capstone\.idea\libraries\Maven__org_springframework_spring_webmvc_5_2_6_RELEASE.xml", "XML", 13, 0, 0, 0, 0, 0, 0, 0, 0, 0, 0, 0, 0, 13
"c:\Users\howel\Desktop\Final Capstone\WIP\capstone\.idea\libraries\Maven__org_xmlunit_xmlunit_core_2_7_0.xml", "XML", 13, 0, 0, 0, 0, 0, 0, 0, 0, 0, 0, 0, 0, 13
"c:\Users\howel\Desktop\Final Capstone\WIP\capstone\.idea\libraries\Maven__org_yaml_snakeyaml_1_26.xml", "XML", 13, 0, 0, 0, 0, 0, 0, 0, 0, 0, 0, 0, 0, 13
"c:\Users\howel\Desktop\Final Capstone\WIP\capstone\.idea\misc.xml", "XML", 11, 0, 0, 0, 0, 0, 0, 0, 0, 0, 0, 0, 0, 11
"c:\Users\howel\Desktop\Final Capstone\WIP\capstone\.idea\modules.xml", "XML", 9, 0, 0, 0, 0, 0, 0, 0, 0, 0, 0, 0, 0, 9
"c:\Users\howel\Desktop\Final Capstone\WIP\capstone\.idea\uiDesigner.xml", "XML", 124, 0, 0, 0, 0, 0, 0, 0, 0, 0, 0, 0, 0, 124
"c:\Users\howel\Desktop\Final Capstone\WIP\capstone\.idea\vcs.xml", "XML", 6, 0, 0, 0, 0, 0, 0, 0, 0, 0, 0, 0, 0, 6
"c:\Users\howel\Desktop\Final Capstone\WIP\capstone\README.md", "Markdown", 0, 0, 3, 0, 0, 0, 0, 0, 0, 0, 0, 0, 3, 6
"c:\Users\howel\Desktop\Final Capstone\WIP\capstone\frontend\README.md", "Markdown", 0, 0, 54, 0, 0, 0, 0, 0, 0, 0, 0, 0, 38, 92
"c:\Users\howel\Desktop\Final Capstone\WIP\capstone\frontend\package-lock.json", "JSON", 0, 0, 0, 0, 28626, 0, 0, 0, 0, 0, 0, 0, 1, 28627
"c:\Users\howel\Desktop\Final Capstone\WIP\capstone\frontend\package.json", "JSON", 0, 0, 0, 0, 67, 0, 0, 0, 0, 0, 0, 0, 1, 68
"c:\Users\howel\Desktop\Final Capstone\WIP\capstone\frontend\public\index.html", "HTML", 0, 0, 0, 0, 0, 20, 0, 0, 0, 0, 0, 23, 1, 44
"c:\Users\howel\Desktop\Final Capstone\WIP\capstone\frontend\public\manifest.json", "JSON", 0, 0, 0, 0, 25, 0, 0, 0, 0, 0, 0, 0, 1, 26
"c:\Users\howel\Desktop\Final Capstone\WIP\capstone\frontend\src\App.css", "CSS", 0, 0, 0, 33, 0, 0, 0, 0, 0, 0, 0, 0, 5, 38
"c:\Users\howel\Desktop\Final Capstone\WIP\capstone\frontend\src\App.js", "JavaScript", 0, 20, 0, 0, 0, 0, 0, 0, 0, 0, 0, 0, 4, 24
"c:\Users\howel\Desktop\Final Capstone\WIP\capstone\frontend\src\App.test.js", "JavaScript", 0, 7, 0, 0, 0, 0, 0, 0, 0, 0, 0, 0, 2, 9
"c:\Users\howel\Desktop\Final Capstone\WIP\capstone\frontend\src\Components\Footer\Footer.js", "JavaScript", 0, 24, 0, 0, 0, 0, 0, 0, 0, 0, 0, 0, 3, 27
"c:\Users\howel\Desktop\Final Capstone\WIP\capstone\frontend\src\Components\Header\Header.js", "JavaScript", 0, 54, 0, 0, 0, 0, 0, 0, 0, 0, 0, 7, 10, 71
"c:\Users\howel\Desktop\Final Capstone\WIP\capstone\frontend\src\Components\Home\Home.js", "JavaScript", 0, 59, 0, 0, 0, 0, 0, 0, 0, 0, 0, 0, 2, 61
"c:\Users\howel\Desktop\Final Capstone\WIP\capstone\frontend\src\Components\Login\Login.js", "JavaScript", 0, 84, 0, 0, 0, 0, 0, 0, 0, 0, 0, 0, 13, 97
"c:\Users\howel\Desktop\Final Capstone\WIP\capstone\frontend\src\Components\Main\Main.js", "JavaScript", 0, 163, 0, 0, 0, 0, 0, 0, 0, 0, 0, 13, 16, 192
"c:\Users\howel\Desktop\Final Capstone\WIP\capstone\frontend\src\Components\Pages\AddRecipe.js", "JavaScript", 0, 258, 0, 0, 0, 0, 0, 0, 0, 0, 0, 19, 49, 326
"c:\Users\howel\Desktop\Final Capstone\WIP\capstone\frontend\src\Components\Pages\Dashboard.js", "JavaScript", 0, 60, 0, 0, 0, 0, 0, 0, 0, 0, 0, 0, 6, 66
"c:\Users\howel\Desktop\Final Capstone\WIP\capstone\frontend\src\Components\Pages\GroceryList.js", "JavaScript", 0, 359, 0, 0, 0, 0, 0, 0, 0, 0, 0, 17, 21, 397
"c:\Users\howel\Desktop\Final Capstone\WIP\capstone\frontend\src\Components\Pages\Ingredients.js", "JavaScript", 0, 103, 0, 0, 0, 0, 0, 0, 0, 0, 0, 0, 3, 106
"c:\Users\howel\Desktop\Final Capstone\WIP\capstone\frontend\src\Components\Pages\IngredientsList.js", "JavaScript", 0, 27, 0, 0, 0, 0, 0, 0, 0, 0, 0, 13, 5, 45
"c:\Users\howel\Desktop\Final Capstone\WIP\capstone\frontend\src\Components\Pages\MealPlans.js", "JavaScript", 0, 38, 0, 0, 0, 0, 0, 0, 0, 0, 0, 0, 3, 41
"c:\Users\howel\Desktop\Final Capstone\WIP\capstone\frontend\src\Components\Pages\Recipes.js", "JavaScript", 0, 314, 0, 0, 0, 0, 0, 0, 0, 0, 0, 8, 40, 362
"c:\Users\howel\Desktop\Final Capstone\WIP\capstone\frontend\src\Components\Pages\RecipesList.js", "JavaScript", 0, 55, 0, 0, 0, 0, 0, 0, 0, 0, 0, 0, 8, 63
"c:\Users\howel\Desktop\Final Capstone\WIP\capstone\frontend\src\Components\Register\Register.js", "JavaScript", 0, 81, 0, 0, 0, 0, 0, 0, 0, 0, 0, 0, 7, 88
"c:\Users\howel\Desktop\Final Capstone\WIP\capstone\frontend\src\Components\SubComponents\IngredientsCollection.js", "JavaScript", 0, 32, 0, 0, 0, 0, 0, 0, 0, 0, 0, 2, 5, 39
"c:\Users\howel\Desktop\Final Capstone\WIP\capstone\frontend\src\Components\SubComponents\Loader\Loader.css", "CSS", 0, 0, 0, 28, 0, 0, 0, 0, 0, 0, 0, 0, 1, 29
"c:\Users\howel\Desktop\Final Capstone\WIP\capstone\frontend\src\Components\SubComponents\Loader\Loader.js", "JavaScript", 0, 11, 0, 0, 0, 0, 0, 0, 0, 0, 0, 0, 3, 14
"c:\Users\howel\Desktop\Final Capstone\WIP\capstone\frontend\src\Components\SubComponents\RecipeCollection.js", "JavaScript", 0, 38, 0, 0, 0, 0, 0, 0, 0, 0, 0, 0, 11, 49
"c:\Users\howel\Desktop\Final Capstone\WIP\capstone\frontend\src\Components\WithRouer\WithRouter.js", "JavaScript", 0, 22, 0, 0, 0, 0, 0, 0, 0, 0, 0, 0, 1, 23
"c:\Users\howel\Desktop\Final Capstone\WIP\capstone\frontend\src\Redux\ActionTypes.js", "JavaScript", 0, 44, 0, 0, 0, 0, 0, 0, 0, 0, 0, 11, 12, 67
"c:\Users\howel\Desktop\Final Capstone\WIP\capstone\frontend\src\Redux\actionCreators.js", "JavaScript", 0, 703, 0, 0, 0, 0, 0, 0, 0, 0, 0, 57, 75, 835
"c:\Users\howel\Desktop\Final Capstone\WIP\capstone\frontend\src\Redux\comments.js", "JavaScript", 0, 35, 0, 0, 0, 0, 0, 0, 0, 0, 0, 0, 8, 43
"c:\Users\howel\Desktop\Final Capstone\WIP\capstone\frontend\src\Redux\configureStore.js", "JavaScript", 0, 16, 0, 0, 0, 0, 0, 0, 0, 0, 0, 0, 4, 20
"c:\Users\howel\Desktop\Final Capstone\WIP\capstone\frontend\src\Redux\forms.js", "JavaScript", 0, 7, 0, 0, 0, 0, 0, 0, 0, 0, 0, 0, 0, 7
"c:\Users\howel\Desktop\Final Capstone\WIP\capstone\frontend\src\Redux\groceries.js", "JavaScript", 0, 32, 0, 0, 0, 0, 0, 0, 0, 0, 0, 0, 8, 40
"c:\Users\howel\Desktop\Final Capstone\WIP\capstone\frontend\src\Redux\history.js", "JavaScript", 0, 2, 0, 0, 0, 0, 0, 0, 0, 0, 0, 0, 0, 2
"c:\Users\howel\Desktop\Final Capstone\WIP\capstone\frontend\src\Redux\image.js", "JavaScript", 0, 17, 0, 0, 0, 0, 0, 0, 0, 0, 0, 5, 7, 29
"c:\Users\howel\Desktop\Final Capstone\WIP\capstone\frontend\src\Redux\ingredients.js", "JavaScript", 0, 30, 0, 0, 0, 0, 0, 0, 0, 0, 0, 0, 7, 37
"c:\Users\howel\Desktop\Final Capstone\WIP\capstone\frontend\src\Redux\mealPlans.js", "JavaScript", 0, 32, 0, 0, 0, 0, 0, 0, 0, 0, 0, 0, 8, 40
"c:\Users\howel\Desktop\Final Capstone\WIP\capstone\frontend\src\Redux\nutrition.js", "JavaScript", 0, 30, 0, 0, 0, 0, 0, 0, 0, 0, 0, 0, 7, 37
"c:\Users\howel\Desktop\Final Capstone\WIP\capstone\frontend\src\Redux\recipeIngredients.js", "JavaScript", 0, 28, 0, 0, 0, 0, 0, 0, 0, 0, 0, 0, 8, 36
"c:\Users\howel\Desktop\Final Capstone\WIP\capstone\frontend\src\Redux\recipeSteps.js", "JavaScript", 0, 26, 0, 0, 0, 0, 0, 0, 0, 0, 0, 6, 9, 41
"c:\Users\howel\Desktop\Final Capstone\WIP\capstone\frontend\src\Redux\recipes.js", "JavaScript", 0, 26, 0, 0, 0, 0, 0, 0, 0, 0, 0, 6, 9, 41
"c:\Users\howel\Desktop\Final Capstone\WIP\capstone\frontend\src\Redux\store.js", "JavaScript", 0, 45, 0, 0, 0, 0, 0, 0, 0, 0, 0, 0, 10, 55
"c:\Users\howel\Desktop\Final Capstone\WIP\capstone\frontend\src\Redux\token.js", "JavaScript", 0, 11, 0, 0, 0, 0, 0, 0, 0, 0, 0, 0, 2, 13
"c:\Users\howel\Desktop\Final Capstone\WIP\capstone\frontend\src\Redux\user.js", "JavaScript", 0, 15, 0, 0, 0, 0, 0, 0, 0, 0, 0, 0, 3, 18
"c:\Users\howel\Desktop\Final Capstone\WIP\capstone\frontend\src\Redux\users.js", "JavaScript", 0, 26, 0, 0, 0, 0, 0, 0, 0, 0, 0, 0, 6, 32
"c:\Users\howel\Desktop\Final Capstone\WIP\capstone\frontend\src\Shared\baseUrl.js", "JavaScript", 0, 1, 0, 0, 0, 0, 0, 0, 0, 0, 0, 0, 0, 1
"c:\Users\howel\Desktop\Final Capstone\WIP\capstone\frontend\src\index.css", "CSS", 0, 0, 0, 327, 0, 0, 0, 0, 0, 0, 0, 12, 52, 391
"c:\Users\howel\Desktop\Final Capstone\WIP\capstone\frontend\src\index.js", "JavaScript", 0, 16, 0, 0, 0, 0, 0, 0, 0, 0, 0, 3, 5, 24
"c:\Users\howel\Desktop\Final Capstone\WIP\capstone\frontend\src\logo.svg", "XML", 1, 0, 0, 0, 0, 0, 0, 0, 0, 0, 0, 0, 0, 1
"c:\Users\howel\Desktop\Final Capstone\WIP\capstone\frontend\src\reportWebVitals.js", "JavaScript", 0, 12, 0, 0, 0, 0, 0, 0, 0, 0, 0, 0, 2, 14
"c:\Users\howel\Desktop\Final Capstone\WIP\capstone\frontend\src\setupTests.js", "JavaScript", 0, 1, 0, 0, 0, 0, 0, 0, 0, 0, 0, 4, 1, 6
"c:\Users\howel\Desktop\Final Capstone\WIP\capstone\java\.mvn\wrapper\MavenWrapperDownloader.java", "Java", 0, 0, 0, 0, 0, 0, 0, 76, 0, 0, 0, 31, 12, 119
"c:\Users\howel\Desktop\Final Capstone\WIP\capstone\java\.mvn\wrapper\maven-wrapper.properties", "Properties", 0, 0, 0, 0, 0, 0, 2, 0, 0, 0, 0, 0, 1, 3
"c:\Users\howel\Desktop\Final Capstone\WIP\capstone\java\README.md", "Markdown", 0, 0, 88, 0, 0, 0, 0, 0, 0, 0, 0, 0, 43, 131
"c:\Users\howel\Desktop\Final Capstone\WIP\capstone\java\database\create.sh", "Shell Script", 0, 0, 0, 0, 0, 0, 0, 0, 0, 0, 6, 1, 1, 8
"c:\Users\howel\Desktop\Final Capstone\WIP\capstone\java\database\dropdb.sql", "SQL", 0, 0, 0, 0, 0, 0, 0, 0, 0, 6, 0, 4, 4, 14
"c:\Users\howel\Desktop\Final Capstone\WIP\capstone\java\database\schema.sql", "SQL", 0, 0, 0, 0, 0, 0, 0, 0, 0, 18, 0, 0, 8, 26
"c:\Users\howel\Desktop\Final Capstone\WIP\capstone\java\database\user.sql", "SQL", 0, 0, 0, 0, 0, 0, 0, 0, 0, 16, 0, 3, 7, 26
"c:\Users\howel\Desktop\Final Capstone\WIP\capstone\java\mvnw.cmd", "Batch", 0, 0, 0, 0, 0, 0, 0, 0, 96, 0, 0, 51, 36, 183
"c:\Users\howel\Desktop\Final Capstone\WIP\capstone\java\pom.xml", "XML", 84, 0, 0, 0, 0, 0, 0, 0, 0, 0, 0, 0, 7, 91
"c:\Users\howel\Desktop\Final Capstone\WIP\capstone\java\src\main\java\com\techelevator\Application.java", "Java", 0, 0, 0, 0, 0, 0, 0, 19, 0, 0, 0, 8, 4, 31
"c:\Users\howel\Desktop\Final Capstone\WIP\capstone\java\src\main\java\com\techelevator\controller\AuthenticationController.java", "Java", 0, 0, 0, 0, 0, 0, 0, 75, 0, 0, 0, 3, 21, 99
"c:\Users\howel\Desktop\Final Capstone\WIP\capstone\java\src\main\java\com\techelevator\controller\FilesController.java", "Java", 0, 0, 0, 0, 0, 0, 0, 57, 0, 0, 0, 0, 8, 65
"c:\Users\howel\Desktop\Final Capstone\WIP\capstone\java\src\main\java\com\techelevator\controller\MealPlanController.java", "Java", 0, 0, 0, 0, 0, 0, 0, 208, 0, 0, 0, 82, 48, 338
"c:\Users\howel\Desktop\Final Capstone\WIP\capstone\java\src\main\java\com\techelevator\dao\GroceryListDao.java", "Java", 0, 0, 0, 0, 0, 0, 0, 12, 0, 0, 0, 0, 9, 21
"c:\Users\howel\Desktop\Final Capstone\WIP\capstone\java\src\main\java\com\techelevator\dao\IngredientsDao.java", "Java", 0, 0, 0, 0, 0, 0, 0, 11, 0, 0, 0, 0, 9, 20
"c:\Users\howel\Desktop\Final Capstone\WIP\capstone\java\src\main\java\com\techelevator\dao\JdbcGroceryListDao.java", "Java", 0, 0, 0, 0, 0, 0, 0, 78, 0, 0, 0, 4, 17, 99
"c:\Users\howel\Desktop\Final Capstone\WIP\capstone\java\src\main\java\com\techelevator\dao\JdbcIngredientsDao.java", "Java", 0, 0, 0, 0, 0, 0, 0, 84, 0, 0, 0, 0, 19, 103
"c:\Users\howel\Desktop\Final Capstone\WIP\capstone\java\src\main\java\com\techelevator\dao\JdbcNutritionDao.java", "Java", 0, 0, 0, 0, 0, 0, 0, 91, 0, 0, 0, 0, 14, 105
"c:\Users\howel\Desktop\Final Capstone\WIP\capstone\java\src\main\java\com\techelevator\dao\JdbcRecipeDao.java", "Java", 0, 0, 0, 0, 0, 0, 0, 93, 0, 0, 0, 0, 17, 110
"c:\Users\howel\Desktop\Final Capstone\WIP\capstone\java\src\main\java\com\techelevator\dao\JdbcRecipeIngredientsDao.java", "Java", 0, 0, 0, 0, 0, 0, 0, 47, 0, 0, 0, 0, 11, 58
"c:\Users\howel\Desktop\Final Capstone\WIP\capstone\java\src\main\java\com\techelevator\dao\JdbcRecipeStepsDao.java", "Java", 0, 0, 0, 0, 0, 0, 0, 51, 0, 0, 0, 0, 12, 63
"c:\Users\howel\Desktop\Final Capstone\WIP\capstone\java\src\main\java\com\techelevator\dao\JdbcUserDao.java", "Java", 0, 0, 0, 0, 0, 0, 0, 80, 0, 0, 0, 1, 18, 99
"c:\Users\howel\Desktop\Final Capstone\WIP\capstone\java\src\main\java\com\techelevator\dao\JdbcUserReviewDao.java", "Java", 0, 0, 0, 0, 0, 0, 0, 64, 0, 0, 0, 0, 14, 78
"c:\Users\howel\Desktop\Final Capstone\WIP\capstone\java\src\main\java\com\techelevator\dao\NutritionDao.java", "Java", 0, 0, 0, 0, 0, 0, 0, 9, 0, 0, 0, 0, 7, 16
"c:\Users\howel\Desktop\Final Capstone\WIP\capstone\java\src\main\java\com\techelevator\dao\RecipeDao.java", "Java", 0, 0, 0, 0, 0, 0, 0, 11, 0, 0, 0, 0, 9, 20
"c:\Users\howel\Desktop\Final Capstone\WIP\capstone\java\src\main\java\com\techelevator\dao\RecipeIngredientsDao.java", "Java", 0, 0, 0, 0, 0, 0, 0, 8, 0, 0, 0, 0, 7, 15
"c:\Users\howel\Desktop\Final Capstone\WIP\capstone\java\src\main\java\com\techelevator\dao\RecipeStepsDao.java", "Java", 0, 0, 0, 0, 0, 0, 0, 8, 0, 0, 0, 0, 8, 16
"c:\Users\howel\Desktop\Final Capstone\WIP\capstone\java\src\main\java\com\techelevator\dao\UserDao.java", "Java", 0, 0, 0, 0, 0, 0, 0, 10, 0, 0, 0, 0, 9, 19
"c:\Users\howel\Desktop\Final Capstone\WIP\capstone\java\src\main\java\com\techelevator\dao\UserReviewDao.java", "Java", 0, 0, 0, 0, 0, 0, 0, 10, 0, 0, 0, 0, 9, 19
"c:\Users\howel\Desktop\Final Capstone\WIP\capstone\java\src\main\java\com\techelevator\message\ResponseMessage.java", "Java", 0, 0, 0, 0, 0, 0, 0, 13, 0, 0, 0, 0, 1, 14
"c:\Users\howel\Desktop\Final Capstone\WIP\capstone\java\src\main\java\com\techelevator\model\Authority.java", "Java", 0, 0, 0, 0, 0, 0, 0, 31, 0, 0, 0, 0, 11, 42
"c:\Users\howel\Desktop\Final Capstone\WIP\capstone\java\src\main\java\com\techelevator\model\FileInfo.java", "Java", 0, 0, 0, 0, 0, 0, 0, 21, 0, 0, 0, 0, 1, 22
"c:\Users\howel\Desktop\Final Capstone\WIP\capstone\java\src\main\java\com\techelevator\model\FileUploadExceptionAdvice.java", "Java", 0, 0, 0, 0, 0, 0, 0, 15, 0, 0, 0, 0, 1, 16
"c:\Users\howel\Desktop\Final Capstone\WIP\capstone\java\src\main\java\com\techelevator\model\GroceryList.java", "Java", 0, 0, 0, 0, 0, 0, 0, 62, 0, 0, 0, 0, 18, 80
"c:\Users\howel\Desktop\Final Capstone\WIP\capstone\java\src\main\java\com\techelevator\model\GroceryListNotFoundException.java", "Java", 0, 0, 0, 0, 0, 0, 0, 9, 0, 0, 0, 0, 2, 11
"c:\Users\howel\Desktop\Final Capstone\WIP\capstone\java\src\main\java\com\techelevator\model\IngredientNotFoundException.java", "Java", 0, 0, 0, 0, 0, 0, 0, 9, 0, 0, 0, 0, 4, 13
"c:\Users\howel\Desktop\Final Capstone\WIP\capstone\java\src\main\java\com\techelevator\model\Ingredients.java", "Java", 0, 0, 0, 0, 0, 0, 0, 36, 0, 0, 0, 0, 12, 48
"c:\Users\howel\Desktop\Final Capstone\WIP\capstone\java\src\main\java\com\techelevator\model\LoginDTO.java", "Java", 0, 0, 0, 0, 0, 0, 0, 24, 0, 0, 0, 3, 8, 35
"c:\Users\howel\Desktop\Final Capstone\WIP\capstone\java\src\main\java\com\techelevator\model\Nutrition.java", "Java", 0, 0, 0, 0, 0, 0, 0, 187, 0, 0, 0, 0, 49, 236
"c:\Users\howel\Desktop\Final Capstone\WIP\capstone\java\src\main\java\com\techelevator\model\NutritionNotFoundException.java", "Java", 0, 0, 0, 0, 0, 0, 0, 9, 0, 0, 0, 0, 4, 13
"c:\Users\howel\Desktop\Final Capstone\WIP\capstone\java\src\main\java\com\techelevator\model\Recipe.java", "Java", 0, 0, 0, 0, 0, 0, 0, 64, 0, 0, 0, 0, 20, 84
"c:\Users\howel\Desktop\Final Capstone\WIP\capstone\java\src\main\java\com\techelevator\model\RecipeIngredients.java", "Java", 0, 0, 0, 0, 0, 0, 0, 46, 0, 0, 0, 0, 14, 60
"c:\Users\howel\Desktop\Final Capstone\WIP\capstone\java\src\main\java\com\techelevator\model\RecipeIngredientsNotFoundException.java", "Java", 0, 0, 0, 0, 0, 0, 0, 9, 0, 0, 0, 0, 4, 13
"c:\Users\howel\Desktop\Final Capstone\WIP\capstone\java\src\main\java\com\techelevator\model\RecipeNotFoundException.java", "Java", 0, 0, 0, 0, 0, 0, 0, 9, 0, 0, 0, 0, 4, 13
"c:\Users\howel\Desktop\Final Capstone\WIP\capstone\java\src\main\java\com\techelevator\model\RecipeSteps.java", "Java", 0, 0, 0, 0, 0, 0, 0, 30, 0, 0, 0, 0, 12, 42
"c:\Users\howel\Desktop\Final Capstone\WIP\capstone\java\src\main\java\com\techelevator\model\RecipeStepsNotFoundException.java", "Java", 0, 0, 0, 0, 0, 0, 0, 9, 0, 0, 0, 0, 4, 13
"c:\Users\howel\Desktop\Final Capstone\WIP\capstone\java\src\main\java\com\techelevator\model\RegisterUserDTO.java", "Java", 0, 0, 0, 0, 0, 0, 0, 36, 0, 0, 0, 0, 12, 48
"c:\Users\howel\Desktop\Final Capstone\WIP\capstone\java\src\main\java\com\techelevator\model\ReviewNotFoundException.java", "Java", 0, 0, 0, 0, 0, 0, 0, 9, 0, 0, 0, 0, 4, 13
"c:\Users\howel\Desktop\Final Capstone\WIP\capstone\java\src\main\java\com\techelevator\model\StorageFileNotFoundException.java", "Java", 0, 0, 0, 0, 0, 0, 0, 9, 0, 0, 0, 0, 1, 10
"c:\Users\howel\Desktop\Final Capstone\WIP\capstone\java\src\main\java\com\techelevator\model\User.java", "Java", 0, 0, 0, 0, 0, 0, 0, 82, 0, 0, 0, 0, 21, 103
"c:\Users\howel\Desktop\Final Capstone\WIP\capstone\java\src\main\java\com\techelevator\model\UserAlreadyExistsException.java", "Java", 0, 0, 0, 0, 0, 0, 0, 6, 0, 0, 0, 0, 4, 10
"c:\Users\howel\Desktop\Final Capstone\WIP\capstone\java\src\main\java\com\techelevator\model\UserReview.java", "Java", 0, 0, 0, 0, 0, 0, 0, 47, 0, 0, 0, 0, 15, 62
"c:\Users\howel\Desktop\Final Capstone\WIP\capstone\java\src\main\java\com\techelevator\security\JwtAccessDeniedHandler.java", "Java", 0, 0, 0, 0, 0, 0, 0, 14, 0, 0, 0, 3, 6, 23
"c:\Users\howel\Desktop\Final Capstone\WIP\capstone\java\src\main\java\com\techelevator\security\JwtAuthenticationEntryPoint.java", "Java", 0, 0, 0, 0, 0, 0, 0, 16, 0, 0, 0, 3, 5, 24
"c:\Users\howel\Desktop\Final Capstone\WIP\capstone\java\src\main\java\com\techelevator\security\SecurityUtils.java", "Java", 0, 0, 0, 0, 0, 0, 0, 28, 0, 0, 0, 5, 12, 45
"c:\Users\howel\Desktop\Final Capstone\WIP\capstone\java\src\main\java\com\techelevator\security\UserModelDetailsService.java", "Java", 0, 0, 0, 0, 0, 0, 0, 37, 0, 0, 0, 3, 11, 51
"c:\Users\howel\Desktop\Final Capstone\WIP\capstone\java\src\main\java\com\techelevator\security\UserNotActivatedException.java", "Java", 0, 0, 0, 0, 0, 0, 0, 8, 0, 0, 0, 0, 5, 13
"c:\Users\howel\Desktop\Final Capstone\WIP\capstone\java\src\main\java\com\techelevator\security\WebSecurityConfig.java", "Java", 0, 0, 0, 0, 0, 0, 0, 54, 0, 0, 0, 12, 14, 80
"c:\Users\howel\Desktop\Final Capstone\WIP\capstone\java\src\main\java\com\techelevator\security\jwt\JWTConfigurer.java", "Java", 0, 0, 0, 0, 0, 0, 0, 16, 0, 0, 0, 0, 6, 22
"c:\Users\howel\Desktop\Final Capstone\WIP\capstone\java\src\main\java\com\techelevator\security\jwt\JWTFilter.java", "Java", 0, 0, 0, 0, 0, 0, 0, 43, 0, 0, 0, 4, 12, 59
"c:\Users\howel\Desktop\Final Capstone\WIP\capstone\java\src\main\java\com\techelevator\security\jwt\TokenProvider.java", "Java", 0, 0, 0, 0, 0, 0, 0, 91, 0, 0, 0, 0, 19, 110
"c:\Users\howel\Desktop\Final Capstone\WIP\capstone\java\src\main\java\com\techelevator\service\FilesStorageService.java", "Java", 0, 0, 0, 0, 0, 0, 0, 12, 0, 0, 0, 0, 1, 13
"c:\Users\howel\Desktop\Final Capstone\WIP\capstone\java\src\main\java\com\techelevator\service\FilesStorageServiceImpl.java", "Java", 0, 0, 0, 0, 0, 0, 0, 58, 0, 0, 0, 0, 1, 59
"c:\Users\howel\Desktop\Final Capstone\WIP\capstone\java\src\main\resources\application.properties", "Properties", 0, 0, 0, 0, 0, 0, 17, 0, 0, 0, 0, 2, 5, 24
"c:\Users\howel\Desktop\Final Capstone\WIP\capstone\java\src\test\java\com\techelevator\ApplicationTests.java", "Java", 0, 0, 0, 0, 0, 0, 0, 9, 0, 0, 0, 0, 5, 14
"c:\Users\howel\Desktop\Final Capstone\WIP\capstone\java\src\test\java\com\techelevator\dao\FinalCapstoneDaoTests.java", "Java", 0, 0, 0, 0, 0, 0, 0, 29, 0, 0, 0, 12, 10, 51
"c:\Users\howel\Desktop\Final Capstone\WIP\capstone\java\src\test\java\com\techelevator\dao\JdbcUserDaoTests.java", "Java", 0, 0, 0, 0, 0, 0, 0, 23, 0, 0, 0, 0, 8, 31
"Total", "-", 1397, 2964, 145, 388, 28718, 20, 19, 2312, 96, 40, 6, 441, 1241, 37787